id,code,school_slug,cca,year,event_name,level,category,gender,division,award,position,score,source_url,notes,event_key,created_at,updated_at
000395e8-e821-4066-818d-4df2f7a01cb4,3009,,Math Olympiad,2023,Math Olympiad,,Category 1,,,,1,100.0,,,math-olympiad-category-1,2025-09-20 08:41:10.47299+00,2025-09-20 08:41:10.47299+00
014a9563-6c85-465e-98bd-fbdd15442e87,7310,,Math Olympiad,2024,Math Olympiad,,Category 1,,,,4,65.0,,,math-olympiad-category-1,2025-09-20 08:41:10.47299+00,2025-09-20 08:41:10.47299+00
025ad16e-d89b-4f2f-967a-ca600f3374cc,3050,,Math Olympiad,2024,Math Olympiad,,Category 1,,,,4,65.0,,,math-olympiad-category-1,2025-09-20 08:41:10.47299+00,2025-09-20 08:41:10.47299+00
04222729-5ab4-41d0-9146-0256d9be29e4,3043,,Math Olympiad,2023,Math Olympiad,,Category 1,,,,4,65.0,,,math-olympiad-category-1,2025-09-20 08:41:10.47299+00,2025-09-20 08:41:10.47299+00
04e4e590-f79f-438d-956d-7f45d4c3ecde,3004,,Math Olympiad,2023,Math Olympiad,,Category 1,,,,3,80.0,,,math-olympiad-category-1,2025-09-20 08:41:10.47299+00,2025-09-20 08:41:10.47299+00
05d690e3-ddd8-44cb-964e-e91f7ee9973a,7118,,Math Olympiad,2023,Math Olympiad,,Category 1,,,,3,80.0,,,math-olympiad-category-1,2025-09-20 08:41:10.47299+00,2025-09-20 08:41:10.47299+00
07f011e0-cfa1-4523-982a-150069ad7d8d,3009,,National STEM,2025,National STEM,,Talent Search,,,,4,65.0,,,national-stem-talent-search,2025-09-20 08:41:10.47299+00,2025-09-20 08:41:10.47299+00
08fa16ae-721b-45ba-817b-4351fc7db8a1,7001,,Math Olympiad,2024,Math Olympiad,,Category 1,,,,3,80.0,,,math-olympiad-category-1,2025-09-20 08:41:10.47299+00,2025-09-20 08:41:10.47299+00
09b44df6-fe8d-4d85-ae67-14c02625463b,7028,kuo-chuan-presbyterian-secondary,Robotics,2023,Robotics,,Best Research Award,,,,2,85.0,,,robotics-best-research-award,2025-09-20 08:41:10.47299+00,2025-09-20 08:41:10.47299+00
0c6fc70c-e08e-4577-8250-b431d20eb981,806,,Math Olympiad,2023,Math Olympiad,,Category 2,,,,3,80.0,,,math-olympiad-category-2,2025-09-20 08:41:10.47299+00,2025-09-20 08:41:10.47299+00
131137fb-abf4-4891-abf3-29b189f05fb5,3103,,National STEM,2024,National STEM,,Championships,,,,3,80.0,,,national-stem-championships,2025-09-20 08:41:10.47299+00,2025-09-20 08:41:10.47299+00
1653d60e-c47f-495d-a45c-1db30ce29a8b,3004,,Math Olympiad,2024,Math Olympiad,,Category 1,,,,3,80.0,,,math-olympiad-category-1,2025-09-20 08:41:10.47299+00,2025-09-20 08:41:10.47299+00
17f694e7-c8b4-4d5a-b54b-bf1b8e9fff79,3047,nan-hua-high-school,Robotics,2023,Robotics,,Best Programming Award,,,,2,85.0,,,robotics-best-programming-award,2025-09-20 08:41:10.47299+00,2025-09-20 08:41:10.47299+00
1ea7c2c4-b592-4a42-a849-436d7d24d221,3204,,Math Olympiad,2024,Math Olympiad,,Category 1,,,,4,65.0,,,math-olympiad-category-1,2025-09-20 08:41:10.47299+00,2025-09-20 08:41:10.47299+00
2d7e1115-ea22-488d-b588-6f3bb5d01e02,7004,,Math Olympiad,2023,Math Olympiad,,Category 1,,,,4,65.0,,,math-olympiad-category-1,2025-09-20 08:41:10.47299+00,2025-09-20 08:41:10.47299+00
2e15e61f-e8a0-4d64-a75d-334eb4229482,7118,,Math Olympiad,2024,Math Olympiad,,Category 1,,,,3,80.0,,,math-olympiad-category-1,2025-09-20 08:41:10.47299+00,2025-09-20 08:41:10.47299+00
30878979-5cc5-4e6f-9df2-2399cd887684,7030,,Math Olympiad,2024,Math Olympiad,,Category 1,,,,3,80.0,,,math-olympiad-category-1,2025-09-20 08:41:10.47299+00,2025-09-20 08:41:10.47299+00
34010f6a-6482-46a7-a8ec-b2f54cd4feef,7308,,Math Olympiad,2024,Math Olympiad,,Category 1,,,,4,65.0,,,math-olympiad-category-1,2025-09-20 08:41:10.47299+00,2025-09-20 08:41:10.47299+00
357754fd-0d9d-4330-a699-76e11ca65fc9,3014,,Math Olympiad,2023,Math Olympiad,,Category 1,,,,2,85.0,,,math-olympiad-category-1,2025-09-20 08:41:10.47299+00,2025-09-20 08:41:10.47299+00
37145210-cd51-49e2-aa03-f33d38b929e2,3204,,Math Olympiad,2023,Math Olympiad,,Category 1,,,,4,65.0,,,math-olympiad-category-1,2025-09-20 08:41:10.47299+00,2025-09-20 08:41:10.47299+00
37a56d95-b418-4388-aa70-fbc3116fe086,3101,,Astronomy,2025,Astronomy,,Individual,,,,3,80.0,,,astronomy-individual,2025-09-20 08:41:10.47299+00,2025-09-20 08:41:10.47299+00
3856a29d-318e-4414-b6bd-0da0375b9837,3614,fuhua-secondary-school,Robotics,2023,Robotics,,Best Engineering Design Award,,,,2,85.0,,,robotics-best-engineering-design-award,2025-09-20 08:41:10.47299+00,2025-09-20 08:41:10.47299+00
3ec8c724-6ac0-4b5a-bec8-bff6a6089a98,3101,,Math Olympiad,2024,Math Olympiad,,Category 1,,,,3,80.0,,,math-olympiad-category-1,2025-09-20 08:41:10.47299+00,2025-09-20 08:41:10.47299+00
43ae16d0-6390-42f7-b74a-478506828bda,3047,nan-hua-high-school,Robotics,2023,Robotics,,Best Research Award,,,,3,80.0,,,robotics-best-research-award,2025-09-20 08:41:10.47299+00,2025-09-20 08:41:10.47299+00
43ed28bf-254d-4dfc-bdf4-eccf44e0f8bb,3009,,Math Olympiad,2024,Math Olympiad,,Category 1,,,,1,100.0,,,math-olympiad-category-1,2025-09-20 08:41:10.47299+00,2025-09-20 08:41:10.47299+00
4754f722-146c-4ac5-a063-636958b05267,3623,,Math Olympiad,2023,Math Olympiad,,Category 1,,,,4,65.0,,,math-olympiad-category-1,2025-09-20 08:41:10.47299+00,2025-09-20 08:41:10.47299+00
4767f17d-3d83-4d62-b825-f2b9aaf7ef50,7030,,Math Olympiad,2023,Math Olympiad,,Category 1,,,,3,80.0,,,math-olympiad-category-1,2025-09-20 08:41:10.47299+00,2025-09-20 08:41:10.47299+00
485968e2-afd5-4b28-8a57-4681b04207b9,3009,,National STEM,2022,National STEM,,Championships,,,,1,100.0,,,national-stem-championships,2025-09-20 08:41:10.47299+00,2025-09-20 08:41:10.47299+00
4bcf201f-a4d5-4d7f-a5e9-e8c19909d674,3101,dunman-high-school,Robotics,2023,Robotics,,Best Engineering Design Award,,,,1,100.0,,,robotics-best-engineering-design-award,2025-09-20 08:41:10.47299+00,2025-09-20 08:41:10.47299+00
4c264cc8-605e-42f8-893b-336d85e4746d,3103,river-valley-high-school,Robotics,2023,Robotics,,Best Engineering Design Award,,,,3,80.0,,,robotics-best-engineering-design-award,2025-09-20 08:41:10.47299+00,2025-09-20 08:41:10.47299+00
4c2a68a9-7077-411d-b910-d254eb91dfc5,3008,,National STEM,2022,National STEM,,Championships,,,,3,80.0,,,national-stem-championships,2025-09-20 08:41:10.47299+00,2025-09-20 08:41:10.47299+00
4d580e7a-6bfc-4098-a863-5e9ac92d2d5d,3047,,Math Olympiad,2023,Math Olympiad,,Category 1,,,,2,85.0,,,math-olympiad-category-1,2025-09-20 08:41:10.47299+00,2025-09-20 08:41:10.47299+00
4ff30c8f-acf9-4490-8b6c-532ae09171b3,3008,,National STEM,2023,National STEM,,Championships,,,,3,80.0,,,national-stem-championships,2025-09-20 08:41:10.47299+00,2025-09-20 08:41:10.47299+00
5262f49e-5b64-482e-9a9b-b96b98944de4,806,hwa-chong-institution,Robotics,2023,Robotics,,Best Programming Award,,,,3,80.0,,,robotics-best-programming-award,2025-09-20 08:41:10.47299+00,2025-09-20 08:41:10.47299+00
528f29e4-0d23-4c3b-820b-d9342a9f0f47,7001,,National STEM,2024,National STEM,,Championships,,,,2,85.0,,,national-stem-championships,2025-09-20 08:41:10.47299+00,2025-09-20 08:41:10.47299+00
5350c52b-4266-4bc7-9885-f5b7f0ef3e09,3009,,National STEM,2023,National STEM,,Championships,,,,2,85.0,,,national-stem-championships,2025-09-20 08:41:10.47299+00,2025-09-20 08:41:10.47299+00
5382e385-90f5-4cf3-84e6-9a5aa4acc03f,7020,,Math Olympiad,2023,Math Olympiad,,Category 2,,,,4,65.0,,,math-olympiad-category-2,2025-09-20 08:41:10.47299+00,2025-09-20 08:41:10.47299+00
5ab44143-17f1-44bd-9f57-678f87fb915f,7001,,Math Olympiad,2023,Math Olympiad,,Category 1,,,,3,80.0,,,math-olympiad-category-1,2025-09-20 08:41:10.47299+00,2025-09-20 08:41:10.47299+00
61c8686b-0ee3-488a-9834-daefcaf1a7b4,3008,,Math Olympiad,2024,Math Olympiad,,Category 1,,,,1,100.0,,,math-olympiad-category-1,2025-09-20 08:41:10.47299+00,2025-09-20 08:41:10.47299+00
6209aabe-8790-4451-b181-d3ee0b22599f,3101,dunman-high-school,Robotics,2023,Robotics,,Best Presentation Award,,,,2,85.0,,,robotics-best-presentation-award,2025-09-20 08:41:10.47299+00,2025-09-20 08:41:10.47299+00
620d7710-b108-409e-ab99-19c0f7d922b6,7020,,Math Olympiad,2023,Math Olympiad,,Category 1,,,,3,80.0,,,math-olympiad-category-1,2025-09-20 08:41:10.47299+00,2025-09-20 08:41:10.47299+00
623f5527-bb56-47e3-912e-d9d2be69ab6c,3041,woodlands-secondary-school,Robotics,2023,Robotics,,Autonomous Driving Challenge,,,,3,80.0,,,robotics-autonomous-driving-challenge,2025-09-20 08:41:10.47299+00,2025-09-20 08:41:10.47299+00
624a4fc7-df2c-41fc-b1c8-df70871ad6d1,7102,,Math Olympiad,2024,Math Olympiad,,Category 1,,,,2,85.0,,,math-olympiad-category-1,2025-09-20 08:41:10.47299+00,2025-09-20 08:41:10.47299+00
63805393-0472-469e-92d7-81f9c8ab7653,7118,,National STEM,2022,National STEM,,Championships,,,,4,65.0,,,national-stem-championships,2025-09-20 08:41:10.47299+00,2025-09-20 08:41:10.47299+00
63bebf1f-a76c-409c-bfd8-dd1030b1c02c,3103,,Math Olympiad,2024,Math Olympiad,,Category 1,,,,2,85.0,,,math-olympiad-category-1,2025-09-20 08:41:10.47299+00,2025-09-20 08:41:10.47299+00
640dec73-978b-4f63-a0ec-e5c3c8b287e3,3008,,Math Olympiad,2023,Math Olympiad,,Category 1,,,,1,100.0,,,math-olympiad-category-1,2025-09-20 08:41:10.47299+00,2025-09-20 08:41:10.47299+00
6416c98f-085a-4c3b-8ad5-74c1564b0c7e,3304,,Math Olympiad,2024,Math Olympiad,,Category 1,,,,4,65.0,,,math-olympiad-category-1,2025-09-20 08:41:10.47299+00,2025-09-20 08:41:10.47299+00
64855cb7-d63f-4c73-96ac-7cc78c93061e,3009,,Astronomy,2025,Astronomy,,Individual,,,,3,80.0,,,astronomy-individual,2025-09-20 08:41:10.47299+00,2025-09-20 08:41:10.47299+00
698d998e-fbf5-4184-a840-2e1ae76d51f1,3012,,Math Olympiad,2024,Math Olympiad,,Category 1,,,,4,65.0,,,math-olympiad-category-1,2025-09-20 08:41:10.47299+00,2025-09-20 08:41:10.47299+00
6d94a710-bc89-4bdd-b895-0edd3df341a7,3006,,Math Olympiad,2024,Math Olympiad,,Category 1,,,,4,65.0,,,math-olympiad-category-1,2025-09-20 08:41:10.47299+00,2025-09-20 08:41:10.47299+00
6edee2ac-1406-4a62-b92f-15d740676fae,3008,,Astronomy,2024,Astronomy,,Individual,,,,3,80.0,,,astronomy-individual,2025-09-20 08:41:10.47299+00,2025-09-20 08:41:10.47299+00
6f6aea43-a1cb-4cfd-b47e-d3ecabceccf7,3050,,Math Olympiad,2023,Math Olympiad,,Category 1,,,,4,65.0,,,math-olympiad-category-1,2025-09-20 08:41:10.47299+00,2025-09-20 08:41:10.47299+00
6f73ef30-0a02-4024-a349-62d02dfa43e9,7101,,Math Olympiad,2023,Math Olympiad,,Category 1,,,,4,65.0,,,math-olympiad-category-1,2025-09-20 08:41:10.47299+00,2025-09-20 08:41:10.47299+00
7006aa59-c16b-49b0-aacd-63ba51208e99,3307,,Math Olympiad,2024,Math Olympiad,,Category 1,,,,4,65.0,,,math-olympiad-category-1,2025-09-20 08:41:10.47299+00,2025-09-20 08:41:10.47299+00
70787268-3e94-4a48-a63b-5b6cc29510cb,7114,,Math Olympiad,2023,Math Olympiad,,Category 1,,,,2,85.0,,,math-olympiad-category-1,2025-09-20 08:41:10.47299+00,2025-09-20 08:41:10.47299+00
70dfa2de-2f1a-4dc7-8986-be816871869f,7111,,Math Olympiad,2023,Math Olympiad,,Category 1,,,,2,85.0,,,math-olympiad-category-1,2025-09-20 08:41:10.47299+00,2025-09-20 08:41:10.47299+00
7292dbe4-ddba-47dd-adb7-f4078075ce82,806,,National STEM,2023,National STEM,,Talent Search,,,,4,65.0,,,national-stem-talent-search,2025-09-20 08:41:10.47299+00,2025-09-20 08:41:10.47299+00
766b4b99-c43c-4536-a10e-1b24c73dc506,3029,,Math Olympiad,2024,Math Olympiad,,Category 1,,,,4,65.0,,,math-olympiad-category-1,2025-09-20 08:41:10.47299+00,2025-09-20 08:41:10.47299+00
77233294-2cb4-4a0e-9ae5-8315d93f6697,7020,,Math Olympiad,2024,Math Olympiad,,Category 1,,,,4,65.0,,,math-olympiad-category-1,2025-09-20 08:41:10.47299+00,2025-09-20 08:41:10.47299+00
77f0773a-4466-4ebe-88f0-9ff188a0d730,3008,,Math Olympiad,2023,Math Olympiad,,Category 2,,,,4,65.0,,,math-olympiad-category-2,2025-09-20 08:41:10.47299+00,2025-09-20 08:41:10.47299+00
794ba0e8-1ac2-489f-8634-c32b87a37d65,3512,,Math Olympiad,2023,Math Olympiad,,Category 1,,,,4,65.0,,,math-olympiad-category-1,2025-09-20 08:41:10.47299+00,2025-09-20 08:41:10.47299+00
7a784337-1737-4d90-adfe-c39ebf447148,3009,,Math Olympiad,2024,Math Olympiad,,Category 2,,,,1,100.0,,,math-olympiad-category-2,2025-09-20 08:41:10.47299+00,2025-09-20 08:41:10.47299+00
7db7ec97-cd75-4188-adb1-2901369cada8,7310,ngee-ann-secondary-school,Robotics,2023,Robotics,,Autonomous Driving Challenge,,,,1,100.0,,,robotics-autonomous-driving-challenge,2025-09-20 08:41:10.47299+00,2025-09-20 08:41:10.47299+00
8133d494-8261-497e-8a4f-dcfb688e420b,3001,anderson-secondary-school,Robotics,2023,Robotics,,Rescue Challenge,,,,1,100.0,,,robotics-rescue-challenge,2025-09-20 08:41:10.47299+00,2025-09-20 08:41:10.47299+00
846d22fb-0dc0-4308-8bdc-252d2abe2847,3203,,Astronomy,2025,Astronomy,,Individual,,,,3,80.0,,,astronomy-individual,2025-09-20 08:41:10.47299+00,2025-09-20 08:41:10.47299+00
86c4f67d-71c6-4ee7-8714-d43c200fd08b,7020,,Astronomy,2025,Astronomy,,Individual,,,,3,80.0,,,astronomy-individual,2025-09-20 08:41:10.47299+00,2025-09-20 08:41:10.47299+00
894fc9d2-d0fb-4300-8395-b970dd6da7ed,7001,,Math Olympiad,2023,Math Olympiad,,Category 2,,,,2,85.0,,,math-olympiad-category-2,2025-09-20 08:41:10.47299+00,2025-09-20 08:41:10.47299+00
8a019210-4a3f-44e1-be72-2d2a2b47dfe5,3014,,Math Olympiad,2024,Math Olympiad,,Category 2,,,,4,65.0,,,math-olympiad-category-2,2025-09-20 08:41:10.47299+00,2025-09-20 08:41:10.47299+00
8b81d9e6-3be1-40c0-a7be-6f9e6b5841c5,7020,,Math Olympiad,2024,Math Olympiad,,Category 2,,,,4,65.0,,,math-olympiad-category-2,2025-09-20 08:41:10.47299+00,2025-09-20 08:41:10.47299+00
8c279989-d33f-462f-b7bc-3ddeae3c195a,3005,,Math Olympiad,2024,Math Olympiad,,Category 1,,,,4,65.0,,,math-olympiad-category-1,2025-09-20 08:41:10.47299+00,2025-09-20 08:41:10.47299+00
8c3bfe04-a4e6-4204-a6a4-05624314597a,806,,Math Olympiad,2024,Math Olympiad,,Category 2,,,,1,100.0,,,math-olympiad-category-2,2025-09-20 08:41:10.47299+00,2025-09-20 08:41:10.47299+00
8c68c23c-204d-49ce-b16e-fb62e32df1b7,3512,,Math Olympiad,2024,Math Olympiad,,Category 1,,,,4,65.0,,,math-olympiad-category-1,2025-09-20 08:41:10.47299+00,2025-09-20 08:41:10.47299+00
8cec28ec-6641-4c6e-b12b-183647bd0e65,7112,,Math Olympiad,2024,Math Olympiad,,Category 1,,,,3,80.0,,,math-olympiad-category-1,2025-09-20 08:41:10.47299+00,2025-09-20 08:41:10.47299+00
8d81f098-2fe4-4dd7-91c1-8fa2ae3aa9af,3065,,Math Olympiad,2023,Math Olympiad,,Category 1,,,,4,65.0,,,math-olympiad-category-1,2025-09-20 08:41:10.47299+00,2025-09-20 08:41:10.47299+00
8db75815-d9bb-4327-a579-fc6742d13c1a,3101,,Math Olympiad,2023,Math Olympiad,,Category 2,,,,2,85.0,,,math-olympiad-category-2,2025-09-20 08:41:10.47299+00,2025-09-20 08:41:10.47299+00
8ef7a262-52cc-4160-a13f-2e8228d21596,3008,,Math Olympiad,2024,Math Olympiad,,Category 2,,,,4,65.0,,,math-olympiad-category-2,2025-09-20 08:41:10.47299+00,2025-09-20 08:41:10.47299+00
91763ca9-cb78-4d75-89a6-bee791c45ddb,3103,,Math Olympiad,2023,Math Olympiad,,Category 1,,,,3,80.0,,,math-olympiad-category-1,2025-09-20 08:41:10.47299+00,2025-09-20 08:41:10.47299+00
9423e67c-714a-4817-b191-4ac6b8ee7756,7001,,Astronomy,2024,Astronomy,,Individual,,,,3,80.0,,,astronomy-individual,2025-09-20 08:41:10.47299+00,2025-09-20 08:41:10.47299+00
9686074f-be0f-489e-9f63-e163b2b9aa54,3009,,Math Olympiad,2023,Math Olympiad,,Category 2,,,,1,100.0,,,math-olympiad-category-2,2025-09-20 08:41:10.47299+00,2025-09-20 08:41:10.47299+00
96c78044-1138-4022-9c90-0c969a1a88e3,3101,,Math Olympiad,2024,Math Olympiad,,Category 2,,,,2,85.0,,,math-olympiad-category-2,2025-09-20 08:41:10.47299+00,2025-09-20 08:41:10.47299+00
96e4e09f-3ca7-47ce-bfda-eeda12f2c923,806,,Astronomy,2024,Astronomy,,Individual,,,,3,80.0,,,astronomy-individual,2025-09-20 08:41:10.47299+00,2025-09-20 08:41:10.47299+00
97de90a8-559c-49d8-bc13-c0ad5b3e07c8,7014,,Math Olympiad,2023,Math Olympiad,,Category 1,,,,4,65.0,,,math-olympiad-category-1,2025-09-20 08:41:10.47299+00,2025-09-20 08:41:10.47299+00
98dcc64c-efd9-4717-b38d-04e0cb107752,7310,,Math Olympiad,2023,Math Olympiad,,Category 1,,,,4,65.0,,,math-olympiad-category-1,2025-09-20 08:41:10.47299+00,2025-09-20 08:41:10.47299+00
9b25e0c9-2c41-4f35-ace7-c672542ec4e5,3103,,Astronomy,2025,Astronomy,,Individual,,,,3,80.0,,,astronomy-individual,2025-09-20 08:41:10.47299+00,2025-09-20 08:41:10.47299+00
9c766be6-c664-4fa0-81d3-bd7d9ff66797,3047,,Math Olympiad,2024,Math Olympiad,,Category 1,,,,3,80.0,,,math-olympiad-category-1,2025-09-20 08:41:10.47299+00,2025-09-20 08:41:10.47299+00
9d032cd8-52fb-46cf-b3f9-4b408616bf3c,806,,National STEM,2025,National STEM,,Talent Search,,,,4,65.0,,,national-stem-talent-search,2025-09-20 08:41:10.47299+00,2025-09-20 08:41:10.47299+00
9ffd798b-ecf8-4064-81b1-94ac11e270ec,7001,,National STEM,2023,National STEM,,Championships,,,,1,100.0,,,national-stem-championships,2025-09-20 08:41:10.47299+00,2025-09-20 08:41:10.47299+00
a086fe9b-139a-4913-814f-d6344cf2546a,7001,,Astronomy,2025,Astronomy,,Individual,,,,1,100.0,,,astronomy-individual,2025-09-20 08:41:10.47299+00,2025-09-20 08:41:10.47299+00
a613a50c-41ef-4b6a-9812-e703cf26789c,3304,,Math Olympiad,2023,Math Olympiad,,Category 1,,,,4,65.0,,,math-olympiad-category-1,2025-09-20 08:41:10.47299+00,2025-09-20 08:41:10.47299+00
a712488f-9d94-490a-b51b-d74230d40fe0,3030,,Astronomy,2025,Astronomy,,Individual,,,,3,80.0,,,astronomy-individual,2025-09-20 08:41:10.47299+00,2025-09-20 08:41:10.47299+00
a73b5ab8-5226-43d2-b501-94d0240618e7,3030,,Math Olympiad,2023,Math Olympiad,,Category 1,,,,4,65.0,,,math-olympiad-category-1,2025-09-20 08:41:10.47299+00,2025-09-20 08:41:10.47299+00
a9538da7-cdcd-4d3f-966e-b1aec2c4ad7c,806,,Astronomy,2025,Astronomy,,Individual,,,,3,80.0,,,astronomy-individual,2025-09-20 08:41:10.47299+00,2025-09-20 08:41:10.47299+00
a9cacf6b-44e6-43a1-919e-ce1a1ed56fc0,3044,,Math Olympiad,2024,Math Olympiad,,Category 1,,,,4,65.0,,,math-olympiad-category-1,2025-09-20 08:41:10.47299+00,2025-09-20 08:41:10.47299+00
aeecbf48-4134-4fb0-aa3f-ef0daa37b86c,7001,,Math Olympiad,2024,Math Olympiad,,Category 2,,,,1,100.0,,,math-olympiad-category-2,2025-09-20 08:41:10.47299+00,2025-09-20 08:41:10.47299+00
b0eaeaa2-c612-4439-ba0b-b98d3b8f23e5,806,,Math Olympiad,2024,Math Olympiad,,Category 1,,,,4,65.0,,,math-olympiad-category-1,2025-09-20 08:41:10.47299+00,2025-09-20 08:41:10.47299+00
b1a022f5-c6ed-48ec-b434-4155d5821013,7015,,Math Olympiad,2023,Math Olympiad,,Category 1,,,,4,65.0,,,math-olympiad-category-1,2025-09-20 08:41:10.47299+00,2025-09-20 08:41:10.47299+00
b58277e7-e952-41a1-9fc9-b55e50ab396b,7020,,Astronomy,2024,Astronomy,,Individual,,,,3,80.0,,,astronomy-individual,2025-09-20 08:41:10.47299+00,2025-09-20 08:41:10.47299+00
b7dda834-d7b7-4a3b-b353-bfff2b04f6e0,3101,,Math Olympiad,2023,Math Olympiad,,Category 1,,,,3,80.0,,,math-olympiad-category-1,2025-09-20 08:41:10.47299+00,2025-09-20 08:41:10.47299+00
b88d11d2-3ff9-45e9-8db3-cd7474a7f330,7111,,Math Olympiad,2024,Math Olympiad,,Category 1,,,,2,85.0,,,math-olympiad-category-1,2025-09-20 08:41:10.47299+00,2025-09-20 08:41:10.47299+00
bae2d889-427b-46ff-bd4b-81f88838d652,3103,,Math Olympiad,2023,Math Olympiad,,Category 2,,,,3,80.0,,,math-olympiad-category-2,2025-09-20 08:41:10.47299+00,2025-09-20 08:41:10.47299+00
c0b256c6-12e7-47e8-885c-b0a219ce3766,3605,,Astronomy,2024,Astronomy,,Individual,,,,3,80.0,,,astronomy-individual,2025-09-20 08:41:10.47299+00,2025-09-20 08:41:10.47299+00
c29038b4-4a6c-4a20-b102-bf599397c962,3030,,Math Olympiad,2024,Math Olympiad,,Category 1,,,,4,65.0,,,math-olympiad-category-1,2025-09-20 08:41:10.47299+00,2025-09-20 08:41:10.47299+00
c3fce260-04d9-4e12-9ea6-242879c1f2b8,3012,,Math Olympiad,2023,Math Olympiad,,Category 1,,,,4,65.0,,,math-olympiad-category-1,2025-09-20 08:41:10.47299+00,2025-09-20 08:41:10.47299+00
c4364085-e3cb-41fc-926e-e955c0d158ae,7309,,Math Olympiad,2023,Math Olympiad,,Category 1,,,,4,65.0,,,math-olympiad-category-1,2025-09-20 08:41:10.47299+00,2025-09-20 08:41:10.47299+00
c5237319-e13b-4ae7-b150-870e89e63466,3101,dunman-high-school,Robotics,2023,Robotics,,Best Programming Award,,,,3,80.0,,,robotics-best-programming-award,2025-09-20 08:41:10.47299+00,2025-09-20 08:41:10.47299+00
c659f47b-cb1f-4773-ba69-7cde7ec2d3ea,3001,,Math Olympiad,2024,Math Olympiad,,Category 1,,,,4,65.0,,,math-olympiad-category-1,2025-09-20 08:41:10.47299+00,2025-09-20 08:41:10.47299+00
c6bee1d0-caa4-4473-993a-2d61949d0744,3045,,Math Olympiad,2024,Math Olympiad,,Category 1,,,,4,65.0,,,math-olympiad-category-1,2025-09-20 08:41:10.47299+00,2025-09-20 08:41:10.47299+00
c7b72645-b655-4673-a865-1f589f9b68ca,3006,,Math Olympiad,2023,Math Olympiad,,Category 1,,,,4,65.0,,,math-olympiad-category-1,2025-09-20 08:41:10.47299+00,2025-09-20 08:41:10.47299+00
ca89def8-da48-4803-b120-ff16f810c782,3029,,Math Olympiad,2023,Math Olympiad,,Category 1,,,,4,65.0,,,math-olympiad-category-1,2025-09-20 08:41:10.47299+00,2025-09-20 08:41:10.47299+00
cbec0cab-5c2a-4a94-898a-2b6d20a5c25f,7004,,Math Olympiad,2024,Math Olympiad,,Category 1,,,,4,65.0,,,math-olympiad-category-1,2025-09-20 08:41:10.47299+00,2025-09-20 08:41:10.47299+00
cdcad604-aeff-4336-ac25-24826ae81eba,7102,,Math Olympiad,2023,Math Olympiad,,Category 1,,,,2,85.0,,,math-olympiad-category-1,2025-09-20 08:41:10.47299+00,2025-09-20 08:41:10.47299+00
cf9545b0-1522-44d2-b011-78c1572249b9,3614,,Math Olympiad,2023,Math Olympiad,,Category 1,,,,4,65.0,,,math-olympiad-category-1,2025-09-20 08:41:10.47299+00,2025-09-20 08:41:10.47299+00
d080ed73-6c54-4e86-8f67-b348b04afd73,7104,,Math Olympiad,2024,Math Olympiad,,Category 1,,,,4,65.0,,,math-olympiad-category-1,2025-09-20 08:41:10.47299+00,2025-09-20 08:41:10.47299+00
d0e0bdce-c0d0-454e-a757-5c706f883771,3005,,Math Olympiad,2023,Math Olympiad,,Category 1,,,,4,65.0,,,math-olympiad-category-1,2025-09-20 08:41:10.47299+00,2025-09-20 08:41:10.47299+00
d7be36e4-b398-4f7d-ab2e-1c80dbc50e59,806,hwa-chong-institution,Robotics,2023,Robotics,,Best Research Award,,,,1,100.0,,,robotics-best-research-award,2025-09-20 08:41:10.47299+00,2025-09-20 08:41:10.47299+00
d8d6c16b-2b1a-4382-b232-96e4be57dc40,3103,river-valley-high-school,Robotics,2023,Robotics,,Best Programming Award,,,,1,100.0,,,robotics-best-programming-award,2025-09-20 08:41:10.47299+00,2025-09-20 08:41:10.47299+00
dd8f477b-e836-4227-b6ad-c964206721e7,3009,,Astronomy,2024,Astronomy,,Individual,,,,3,80.0,,,astronomy-individual,2025-09-20 08:41:10.47299+00,2025-09-20 08:41:10.47299+00
e0d9b91e-2a9b-4d02-8fb7-0d8ed0fe7118,806,hwa-chong-institution,Robotics,2023,Robotics,,Best Presentation Award,,,,1,100.0,,,robotics-best-presentation-award,2025-09-20 08:41:10.47299+00,2025-09-20 08:41:10.47299+00
e442fb02-dc1e-4082-a27e-70c9b1039816,3101,,Astronomy,2024,Astronomy,,Individual,,,,3,80.0,,,astronomy-individual,2025-09-20 08:41:10.47299+00,2025-09-20 08:41:10.47299+00
e5c414fc-0ce5-4b07-9118-ec8aaee99739,3004,cedar-girls-secondary-school,Robotics,2023,Robotics,,Rescue Challenge,,,,3,80.0,,,robotics-rescue-challenge,2025-09-20 08:41:10.47299+00,2025-09-20 08:41:10.47299+00
e70eb72e-e652-4d02-baf6-9c75a6c7583b,3014,,Math Olympiad,2023,Math Olympiad,,Category 2,,,,4,65.0,,,math-olympiad-category-2,2025-09-20 08:41:10.47299+00,2025-09-20 08:41:10.47299+00
e7655bb9-e57e-469e-9a72-ac2b6bff922d,3604,woodlands-ring-secondary-school,Robotics,2023,Robotics,,Best Presentation Award,,,,2,85.0,,,robotics-best-presentation-award,2025-09-20 08:41:10.47299+00,2025-09-20 08:41:10.47299+00
e9f45006-ea98-4e6a-a184-0e5f0306875f,7309,fairfield-methodist-secondary-school,Robotics,2023,Robotics,,Best Robot Performance Award,,,,1,100.0,,,robotics-best-robot-performance-award,2025-09-20 08:41:10.47299+00,2025-09-20 08:41:10.47299+00
ec652574-9b17-49d6-a08f-21d3aacfcf17,7114,,Math Olympiad,2024,Math Olympiad,,Category 1,,,,2,85.0,,,math-olympiad-category-1,2025-09-20 08:41:10.47299+00,2025-09-20 08:41:10.47299+00
eda0f94f-f4bf-4f28-8b22-f50605dad89c,7112,,Math Olympiad,2023,Math Olympiad,,Category 1,,,,3,80.0,,,math-olympiad-category-1,2025-09-20 08:41:10.47299+00,2025-09-20 08:41:10.47299+00
eeb1675b-4aa5-416d-915e-8cafb1ba7ce0,3006,,Astronomy,2025,Astronomy,,Individual,,,,3,80.0,,,astronomy-individual,2025-09-20 08:41:10.47299+00,2025-09-20 08:41:10.47299+00
ef584477-f936-48dc-8dc9-b935cb34abb1,3009,,National STEM,2023,National STEM,,Talent Search,,,,4,65.0,,,national-stem-talent-search,2025-09-20 08:41:10.47299+00,2025-09-20 08:41:10.47299+00
f1d78a68-e8c0-45f3-99e2-63c41470a8d8,3103,river-valley-high-school,Robotics,2023,Robotics,,Best Robot Performance Award,,,,3,80.0,,,robotics-best-robot-performance-award,2025-09-20 08:41:10.47299+00,2025-09-20 08:41:10.47299+00
f396cce2-ea17-4d99-b80b-c908f86ef326,3014,,Math Olympiad,2024,Math Olympiad,,Category 1,,,,2,85.0,,,math-olympiad-category-1,2025-09-20 08:41:10.47299+00,2025-09-20 08:41:10.47299+00
f4ef7b35-2832-4e65-b5fc-882f128bfb23,3001,,Math Olympiad,2023,Math Olympiad,,Category 1,,,,4,65.0,,,math-olympiad-category-1,2025-09-20 08:41:10.47299+00,2025-09-20 08:41:10.47299+00
f54739fe-858c-4691-8807-b167ebd985c5,7014,,Math Olympiad,2024,Math Olympiad,,Category 1,,,,4,65.0,,,math-olympiad-category-1,2025-09-20 08:41:10.47299+00,2025-09-20 08:41:10.47299+00
f6c8052d-e374-4141-bb9c-86ba54f14a80,3101,dunman-high-school,Robotics,2023,Robotics,,Best Research Award,,,,3,80.0,,,robotics-best-research-award,2025-09-20 08:41:10.47299+00,2025-09-20 08:41:10.47299+00
f6cd1d5f-becb-4edc-a54e-dbed8b4b13e9,7101,,Math Olympiad,2024,Math Olympiad,,Category 1,,,,4,65.0,,,math-olympiad-category-1,2025-09-20 08:41:10.47299+00,2025-09-20 08:41:10.47299+00
f7e4f40c-6abd-448f-b816-b1ffa459f907,3045,,Math Olympiad,2023,Math Olympiad,,Category 1,,,,4,65.0,,,math-olympiad-category-1,2025-09-20 08:41:10.47299+00,2025-09-20 08:41:10.47299+00
f9064ae2-2bcd-4402-8a62-b8e3ddd1ad8c,3240,zhonghua-secondary-school,Robotics,2023,Robotics,,Best Robot Performance Award,,,,2,85.0,,,robotics-best-robot-performance-award,2025-09-20 08:41:10.47299+00,2025-09-20 08:41:10.47299+00